{
  "timestamp_utc": "2026-02-23T03:38:25Z",
  "duration_s": 10.0,
  "target_fps": 50.0,
  "frame_p99_budget_ms": 25.0,
  "frame_stats": {
    "count": 498.0,
    "mean_ms": 11.581780199367314,
    "p50_ms": 9.927917446475476,
    "p95_ms": 17.600982793373987,
    "p99_ms": 18.684588038595386,
    "max_ms": 37.55626501515508
  },
  "node_stats": {
    "structure_detect": {
      "count": 498.0,
      "mean_ms": 0.6289975231431095,
      "p50_ms": 0.5341768264770508,
      "p95_ms": 0.9765863418579103,
      "p99_ms": 1.346487998962392,
      "max_ms": 22.47762680053711
    },
    "fusion": {
      "count": 498.0,
      "mean_ms": 0.02346364369832847,
      "p50_ms": 0.019311904907226562,
      "p95_ms": 0.035083293914794915,
      "p99_ms": 0.04864454269409179,
      "max_ms": 0.2758502960205078
    },
    "director_intent": {
      "count": 498.0,
      "mean_ms": 0.02475675330104598,
      "p50_ms": 0.020384788513183594,
      "p95_ms": 0.0377058982849121,
      "p99_ms": 0.04516124725341788,
      "max_ms": 0.2875328063964844
    },
    "scene_select": {
      "count": 498.0,
      "mean_ms": 0.0073723046176404836,
      "p50_ms": 0.006198883056640625,
      "p95_ms": 0.010728836059570312,
      "p99_ms": 0.01239776611328125,
      "max_ms": 0.04220008850097656
    },
    "laser_control": {
      "count": 498.0,
      "mean_ms": 0.02276179302169616,
      "p50_ms": 0.019073486328125,
      "p95_ms": 0.03457069396972656,
      "p99_ms": 0.04936695098876952,
      "max_ms": 0.20933151245117188
    },
    "interpreter": {
      "count": 498.0,
      "mean_ms": 0.0254193462999949,
      "p50_ms": 0.020742416381835938,
      "p95_ms": 0.03886222839355469,
      "p99_ms": 0.05855560302734362,
      "max_ms": 0.1876354217529297
    },
    "safety_interlock": {
      "count": 498.0,
      "mean_ms": 0.23910223719585375,
      "p50_ms": 0.19168853759765625,
      "p95_ms": 0.3794074058532715,
      "p99_ms": 0.4801130294799794,
      "max_ms": 2.8569698333740234
    }
  },
  "exceptions": [],
  "pass": {
    "no_unhandled_exceptions": true,
    "frame_p99_within_budget": true,
    "overall": true
  }
}
