{
  "timestamp_utc": "2026-02-23T03:40:27Z",
  "duration_s": 30.0,
  "target_fps": 50.0,
  "frame_p99_budget_ms": 25.0,
  "frame_stats": {
    "count": 1498.0,
    "mean_ms": 13.022053209727181,
    "p50_ms": 12.659783475100994,
    "p95_ms": 17.445512162521478,
    "p99_ms": 18.149883208097886,
    "max_ms": 39.15424004662782
  },
  "node_stats": {
    "structure_detect": {
      "count": 1498.0,
      "mean_ms": 0.7207194698827767,
      "p50_ms": 0.6783008575439453,
      "p95_ms": 1.0426759719848633,
      "p99_ms": 1.0702681541442873,
      "max_ms": 2.4907588958740234
    },
    "fusion": {
      "count": 1498.0,
      "mean_ms": 0.02405083227221256,
      "p50_ms": 0.02467632293701172,
      "p95_ms": 0.03457069396972656,
      "p99_ms": 0.045609474182128844,
      "max_ms": 0.22411346435546875
    },
    "director_intent": {
      "count": 1498.0,
      "mean_ms": 0.026770841295474045,
      "p50_ms": 0.027418136596679688,
      "p95_ms": 0.03838539123535156,
      "p99_ms": 0.05079030990600585,
      "max_ms": 0.3006458282470703
    },
    "scene_select": {
      "count": 1498.0,
      "mean_ms": 0.008602645273043094,
      "p50_ms": 0.009059906005859375,
      "p95_ms": 0.011682510375976562,
      "p99_ms": 0.02098798751831054,
      "max_ms": 0.04792213439941406
    },
    "laser_control": {
      "count": 1498.0,
      "mean_ms": 0.024015499211758256,
      "p50_ms": 0.025033950805664062,
      "p95_ms": 0.03361701965332031,
      "p99_ms": 0.04578351974487304,
      "max_ms": 0.18358230590820312
    },
    "interpreter": {
      "count": 1498.0,
      "mean_ms": 0.027105391264280108,
      "p50_ms": 0.028848648071289062,
      "p95_ms": 0.03814697265625,
      "p99_ms": 0.04744529724121094,
      "max_ms": 0.10848045349121094
    },
    "safety_interlock": {
      "count": 1498.0,
      "mean_ms": 0.12317439106023201,
      "p50_ms": 0.1271963119506836,
      "p95_ms": 0.1811981201171875,
      "p99_ms": 0.1936030387878418,
      "max_ms": 0.6909370422363281
    }
  },
  "exceptions": [],
  "pass": {
    "no_unhandled_exceptions": true,
    "frame_p99_within_budget": true,
    "overall": true
  }
}
