{
  "timestamp_utc": "2026-02-23T03:45:38Z",
  "duration_s": 300.0,
  "target_fps": 50.0,
  "frame_p99_budget_ms": 25.0,
  "frame_stats": {
    "count": 14982.0,
    "mean_ms": 12.08669005842446,
    "p50_ms": 10.235966590698808,
    "p95_ms": 17.50832414254546,
    "p99_ms": 18.120416451711208,
    "max_ms": 34.30730605032295
  },
  "node_stats": {
    "structure_detect": {
      "count": 14982.0,
      "mean_ms": 0.7297031043320914,
      "p50_ms": 0.6191730499267578,
      "p95_ms": 1.0592937469482422,
      "p99_ms": 1.0986781120300295,
      "max_ms": 2.5713443756103516
    },
    "fusion": {
      "count": 14982.0,
      "mean_ms": 0.02389430936101186,
      "p50_ms": 0.020503997802734375,
      "p95_ms": 0.03600120544433594,
      "p99_ms": 0.04267692565917969,
      "max_ms": 2.1779537200927734
    },
    "director_intent": {
      "count": 14982.0,
      "mean_ms": 0.02656538676489913,
      "p50_ms": 0.022411346435546875,
      "p95_ms": 0.0400543212890625,
      "p99_ms": 0.04839897155761719,
      "max_ms": 0.5919933319091797
    },
    "scene_select": {
      "count": 14982.0,
      "mean_ms": 0.008229180691064302,
      "p50_ms": 0.0069141387939453125,
      "p95_ms": 0.011682510375976562,
      "p99_ms": 0.016450881958007812,
      "max_ms": 0.1380443572998047
    },
    "laser_control": {
      "count": 14982.0,
      "mean_ms": 0.023566328656480878,
      "p50_ms": 0.019311904907226562,
      "p95_ms": 0.03504753112792969,
      "p99_ms": 0.04315376281738281,
      "max_ms": 1.9474029541015625
    },
    "interpreter": {
      "count": 14982.0,
      "mean_ms": 0.02570262723573138,
      "p50_ms": 0.020742416381835938,
      "p95_ms": 0.03838539123535156,
      "p99_ms": 0.0476837158203125,
      "max_ms": 0.23984909057617188
    },
    "safety_interlock": {
      "count": 14982.0,
      "mean_ms": 0.11367543869415761,
      "p50_ms": 0.08511543273925781,
      "p95_ms": 0.18095970153808594,
      "p99_ms": 0.1952648162841797,
      "max_ms": 6.945371627807617
    }
  },
  "exceptions": [],
  "pass": {
    "no_unhandled_exceptions": true,
    "frame_p99_within_budget": true,
    "overall": true
  }
}
